Model,MAE,RMSE,R2
Linear Regression,9.66330575461456,14.981567671092078,0.7261996236874848
Random Forest,0.26506033333333645,1.2173631306092154,0.9981921607589285
